cbsa_code,cbsa_name,metro_micro,city_name,state_fips,place_fips
10100,"Aberdeen, SD",micropolitan,Aberdeen,46,100
10140,"Aberdeen, WA",micropolitan,Aberdeen,53,100
10180,"Abilene, TX",metropolitan,Abilene,48,1000
10220,"Ada, OK",micropolitan,Ada,40,200
10260,"Adjuntas, PR",micropolitan,Adjuntas,72,358
10300,"Adrian, MI",micropolitan,Adrian,26,440
10380,"Aguadilla-Isabela, PR",metropolitan,Aguadilla,72,745
10380,"Aguadilla-Isabela, PR",metropolitan,Isabela,72,36478
10420,"Akron, OH",metropolitan,Akron,39,1000
10460,"Alamogordo, NM",micropolitan,Alamogordo,35,1780
10500,"Albany, GA",metropolitan,Albany,13,1052
10540,"Albany, OR",metropolitan,Albany,41,1000
10580,"Albany-Schenectady-Troy, NY",metropolitan,Albany,36,1000
10580,"Albany-Schenectady-Troy, NY",metropolitan,Schenectady,36,65508
10580,"Albany-Schenectady-Troy, NY",metropolitan,Troy,36,75484
10620,"Albemarle, NC",micropolitan,Albemarle,37,680
10660,"Albert Lea, MN",micropolitan,Albert Lea,27,694
10700,"Albertville, AL",micropolitan,Albertville,1,988
10740,"Albuquerque, NM",metropolitan,Albuquerque,35,2000
10780,"Alexandria, LA",metropolitan,Alexandria,22,975
10820,"Alexandria, MN",micropolitan,Alexandria,27,928
10860,"Alice, TX",micropolitan,Alice,48,1852
10900,"Allentown-Bethlehem-Easton, PA-NJ",metropolitan,Allentown,42,2000
10900,"Allentown-Bethlehem-Easton, PA-NJ",metropolitan,Bethlehem,42,6088
10940,"Alma, MI",micropolitan,Alma,26,1540
10980,"Alpena, MI",micropolitan,Alpena,26,1740
11020,"Altoona, PA",metropolitan,Altoona,42,2184
11060,"Altus, OK",micropolitan,Altus,40,1700
11100,"Amarillo, TX",metropolitan,Amarillo,48,3000
11140,"Americus, GA",micropolitan,Americus,13,2116
11180,"Ames, IA",metropolitan,Ames,19,1855
11220,"Amsterdam, NY",micropolitan,Amsterdam,36,2066
11260,"Anchorage, AK",metropolitan,Anchorage,2,3000
11380,"Andrews, TX",micropolitan,Andrews,48,3216
11420,"Angola, IN",micropolitan,Angola,18,1666
11460,"Ann Arbor, MI",metropolitan,Ann Arbor,26,3000
11500,"Anniston-Oxford-Jacksonville, AL",metropolitan,Anniston,1,1852
11500,"Anniston-Oxford-Jacksonville, AL",metropolitan,Jacksonville,1,38272
11500,"Anniston-Oxford-Jacksonville, AL",metropolitan,Oxford,1,57576
11540,"Appleton, WI",metropolitan,Appleton,55,2375
11580,"Arcadia, FL",micropolitan,Arcadia,12,1750
11620,"Ardmore, OK",micropolitan,Ardmore,40,2600
11640,"Arecibo, PR",metropolitan,Arecibo,72,3368
11660,"Arkadelphia, AR",micropolitan,Arkadelphia,5,1870
11680,"Arkansas City-Winfield, KS",micropolitan,Arkansas City,20,2300
11680,"Arkansas City-Winfield, KS",micropolitan,Winfield,20,79950
11700,"Asheville, NC",metropolitan,Asheville,37,2140
11740,"Ashland, OH",micropolitan,Ashland,39,2568
11780,"Ashtabula, OH",micropolitan,Ashtabula,39,2638
11820,"Astoria, OR",micropolitan,Astoria,41,3150
11860,"Atchison, KS",micropolitan,Atchison,20,2900
11900,"Athens, OH",micropolitan,Athens,39,2736
11940,"Athens, TN",micropolitan,Athens,47,2320
11980,"Athens, TX",micropolitan,Athens,48,4504
12020,"Athens-Clarke County, GA",metropolitan,Athens-Clarke County unified government (balance),13,3440
12060,"Atlanta-Sandy Springs-Roswell, GA",metropolitan,Alpharetta,13,1696
12060,"Atlanta-Sandy Springs-Roswell, GA",metropolitan,Atlanta,13,4000
12060,"Atlanta-Sandy Springs-Roswell, GA",metropolitan,Marietta,13,49756
12060,"Atlanta-Sandy Springs-Roswell, GA",metropolitan,Roswell,13,67284
12060,"Atlanta-Sandy Springs-Roswell, GA",metropolitan,Sandy Springs,13,68516
12100,"Atlantic City-Hammonton, NJ",metropolitan,Atlantic City,34,2080
12100,"Atlantic City-Hammonton, NJ",metropolitan,Hammonton,34,29430
12140,"Auburn, IN",micropolitan,Auburn,18,2674
12180,"Auburn, NY",micropolitan,Auburn,36,3078
12220,"Auburn-Opelika, AL",metropolitan,Auburn,1,3076
12220,"Auburn-Opelika, AL",metropolitan,Opelika,1,57048
12260,"Augusta-Richmond County, GA-SC",metropolitan,Augusta-Richmond County consolidated government (balance),13,4204
12300,"Augusta-Waterville, ME",micropolitan,Augusta,23,2100
12300,"Augusta-Waterville, ME",micropolitan,Waterville,23,80740
12380,"Austin, MN",micropolitan,Austin,27,2908
12420,"Austin-Round Rock, TX",metropolitan,Austin,48,5000
12420,"Austin-Round Rock, TX",metropolitan,Round Rock,48,63500
12460,"Bainbridge, GA",micropolitan,Bainbridge,13,4896
12540,"Bakersfield, CA",metropolitan,Bakersfield,6,3526
12580,"Baltimore-Columbia-Towson, MD",metropolitan,Baltimore,24,4000
12580,"Baltimore-Columbia-Towson, MD",metropolitan,Columbia,24,19125
12580,"Baltimore-Columbia-Towson, MD",metropolitan,Towson,24,78425
12620,"Bangor, ME",metropolitan,Bangor,23,2795
12660,"Baraboo, WI",micropolitan,Baraboo,55,4625
12680,"Bardstown, KY",micropolitan,Bardstown,21,3628
12700,"Barnstable Town, MA",metropolitan,Barnstable Town,25,3690
12740,"Barre, VT",micropolitan,Barre,50,3175
12780,"Bartlesville, OK",micropolitan,Bartlesville,40,4450
12820,"Bastrop, LA",micropolitan,Bastrop,22,4685
12860,"Batavia, NY",micropolitan,Batavia,36,4715
12900,"Batesville, AR",micropolitan,Batesville,5,4030
12940,"Baton Rouge, LA",metropolitan,Baton Rouge,22,5000
12980,"Battle Creek, MI",metropolitan,Battle Creek,26,5920
13020,"Bay City, MI",metropolitan,Bay City,26,6020
13060,"Bay City, TX",micropolitan,Bay City,48,5984
13100,"Beatrice, NE",micropolitan,Beatrice,31,3390
13140,"Beaumont-Port Arthur, TX",metropolitan,Beaumont,48,7000
13140,"Beaumont-Port Arthur, TX",metropolitan,Port Arthur,48,58820
13180,"Beaver Dam, WI",micropolitan,Beaver Dam,55,5900
13220,"Beckley, WV",metropolitan,Beckley,54,5332
13260,"Bedford, IN",micropolitan,Bedford,18,4114
13300,"Beeville, TX",micropolitan,Beeville,48,7192
13340,"Bellefontaine, OH",micropolitan,Bellefontaine,39,5130
13380,"Bellingham, WA",metropolitan,Bellingham,53,5280
13420,"Bemidji, MN",micropolitan,Bemidji,27,5068
13460,"Bend-Redmond, OR",metropolitan,Bend,41,5800
13460,"Bend-Redmond, OR",metropolitan,Redmond,41,61200
13500,"Bennettsville, SC",micropolitan,Bennettsville,45,5680
13540,"Bennington, VT",micropolitan,Bennington,50,4750
13620,"Berlin, NH-VT",micropolitan,Berlin,33,5140
13660,"Big Rapids, MI",micropolitan,Big Rapids,26,8300
13700,"Big Spring, TX",micropolitan,Big Spring,48,8236
13720,"Big Stone Gap, VA",micropolitan,Big Stone Gap,51,7480
13740,"Billings, MT",metropolitan,Billings,30,6550
13780,"Binghamton, NY",metropolitan,Binghamton,36,6607
13820,"Birmingham-Hoover, AL",metropolitan,Birmingham,1,7000
13820,"Birmingham-Hoover, AL",metropolitan,Hoover,1,35896
13900,"Bismarck, ND",metropolitan,Bismarck,38,7200
13940,"Blackfoot, ID",micropolitan,Blackfoot,16,7840
13980,"Blacksburg-Christiansburg-Radford, VA",metropolitan,Blacksburg,51,7784
13980,"Blacksburg-Christiansburg-Radford, VA",metropolitan,Christiansburg,51,16608
13980,"Blacksburg-Christiansburg-Radford, VA",metropolitan,Radford,51,65392
14010,"Bloomington, IL",metropolitan,Bloomington,17,6613
14020,"Bloomington, IN",metropolitan,Bloomington,18,5860
14100,"Bloomsburg-Berwick, PA",metropolitan,Berwick,42,5888
14100,"Bloomsburg-Berwick, PA",metropolitan,Bloomsburg,42,7128
14140,"Bluefield, WV-VA",micropolitan,Bluefield,54,8524
14180,"Blytheville, AR",micropolitan,Blytheville,5,7330
14220,"Bogalusa, LA",micropolitan,Bogalusa,22,8150
14260,"Boise City, ID",metropolitan,Boise City,16,8830
14340,"Boone, IA",micropolitan,Boone,19,7480
14380,"Boone, NC",micropolitan,Boone,37,7080
14420,"Borger, TX",micropolitan,Borger,48,9556
14460,"Boston-Cambridge-Newton, MA-NH",metropolitan,Boston,25,7000
14460,"Boston-Cambridge-Newton, MA-NH",metropolitan,Cambridge,25,11000
14460,"Boston-Cambridge-Newton, MA-NH",metropolitan,Framingham,25,24960
14460,"Boston-Cambridge-Newton, MA-NH",metropolitan,Newton,25,45560
14460,"Boston-Cambridge-Newton, MA-NH",metropolitan,Waltham,25,72600
14500,"Boulder, CO",metropolitan,Boulder,8,7850
14540,"Bowling Green, KY",metropolitan,Bowling Green,21,8902
14580,"Bozeman, MT",micropolitan,Bozeman,30,8950
14620,"Bradford, PA",micropolitan,Bradford,42,8040
14660,"Brainerd, MN",micropolitan,Brainerd,27,7300
14700,"Branson, MO",micropolitan,Branson,29,7966
14720,"Breckenridge, CO",micropolitan,Breckenridge,8,8400
14740,"Bremerton-Silverdale, WA",metropolitan,Bremerton,53,7695
14740,"Bremerton-Silverdale, WA",metropolitan,Silverdale,53,64365
14780,"Brenham, TX",micropolitan,Brenham,48,10156
14820,"Brevard, NC",micropolitan,Brevard,37,7720
14860,"Bridgeport-Stamford-Norwalk, CT",metropolitan,Bridgeport,9,8000
14860,"Bridgeport-Stamford-Norwalk, CT",metropolitan,Danbury,9,18430
14860,"Bridgeport-Stamford-Norwalk, CT",metropolitan,Norwalk,9,55990
14860,"Bridgeport-Stamford-Norwalk, CT",metropolitan,Stamford,9,73000
14860,"Bridgeport-Stamford-Norwalk, CT",metropolitan,Stratford,9,74260
15020,"Brookhaven, MS",micropolitan,Brookhaven,28,8820
15060,"Brookings, OR",micropolitan,Brookings,41,8650
15100,"Brookings, SD",micropolitan,Brookings,46,7580
15180,"Brownsville-Harlingen, TX",metropolitan,Brownsville,48,10768
15180,"Brownsville-Harlingen, TX",metropolitan,Harlingen,48,32372
15220,"Brownwood, TX",micropolitan,Brownwood,48,10780
15260,"Brunswick, GA",metropolitan,Brunswick,13,11560
15340,"Bucyrus, OH",micropolitan,Bucyrus,39,10030
15380,"Buffalo-Cheektowaga-Niagara Falls, NY",metropolitan,Buffalo,36,11000
15380,"Buffalo-Cheektowaga-Niagara Falls, NY",metropolitan,Cheektowaga,36,15000
15380,"Buffalo-Cheektowaga-Niagara Falls, NY",metropolitan,Niagara Falls,36,51055
15420,"Burley, ID",micropolitan,Burley,16,11260
15460,"Burlington, IA-IL",micropolitan,Burlington,19,9550
15500,"Burlington, NC",metropolitan,Burlington,37,9060
15540,"Burlington-South Burlington, VT",metropolitan,Burlington,50,10675
15540,"Burlington-South Burlington, VT",metropolitan,South Burlington,50,66175
15580,"Butte-Silver Bow, MT",micropolitan,Butte-Silver Bow (balance),30,11397
15620,"Cadillac, MI",micropolitan,Cadillac,26,12320
15660,"Calhoun, GA",micropolitan,Calhoun,13,12456
15680,"California-Lexington Park, MD",metropolitan,California,24,12150
15680,"California-Lexington Park, MD",metropolitan,Lexington Park,24,46725
15700,"Cambridge, MD",micropolitan,Cambridge,24,12400
15740,"Cambridge, OH",micropolitan,Cambridge,39,10996
15780,"Camden, AR",micropolitan,Camden,5,10720
15820,"Campbellsville, KY",micropolitan,Campbellsville,21,12160
15860,"Cañon City, CO",micropolitan,Cañon City,8,11810
15900,"Canton, IL",micropolitan,Canton,17,11007
15940,"Canton-Massillon, OH",metropolitan,Canton,39,12000
15940,"Canton-Massillon, OH",metropolitan,Massillon,39,48244
15980,"Cape Coral-Fort Myers, FL",metropolitan,Cape Coral,12,10275
15980,"Cape Coral-Fort Myers, FL",metropolitan,Fort Myers,12,24125
16020,"Cape Girardeau, MO-IL",metropolitan,Cape Girardeau,29,11242
16060,"Carbondale-Marion, IL",metropolitan,Carbondale,17,11163
16060,"Carbondale-Marion, IL",metropolitan,Marion,17,46916
16100,"Carlsbad-Artesia, NM",micropolitan,Artesia,35,5220
16100,"Carlsbad-Artesia, NM",micropolitan,Carlsbad,35,12150
16180,"Carson City, NV",metropolitan,Carson City,32,9700
16220,"Casper, WY",metropolitan,Casper,56,13150
16260,"Cedar City, UT",micropolitan,Cedar City,49,11320
16300,"Cedar Rapids, IA",metropolitan,Cedar Rapids,19,12000
16340,"Cedartown, GA",micropolitan,Cedartown,13,14500
16380,"Celina, OH",micropolitan,Celina,39,12868
16460,"Centralia, IL",micropolitan,Centralia,17,12164
16500,"Centralia, WA",micropolitan,Centralia,53,11160
16540,"Chambersburg-Waynesboro, PA",metropolitan,Chambersburg,42,12536
16540,"Chambersburg-Waynesboro, PA",metropolitan,Waynesboro,42,81824
16580,"Champaign-Urbana, IL",metropolitan,Champaign,17,12385
16580,"Champaign-Urbana, IL",metropolitan,Urbana,17,77005
16620,"Charleston, WV",metropolitan,Charleston,54,14600
16660,"Charleston-Mattoon, IL",micropolitan,Charleston,17,12567
16660,"Charleston-Mattoon, IL",micropolitan,Mattoon,17,47553
16700,"Charleston-North Charleston, SC",metropolitan,Charleston,45,13330
16700,"Charleston-North Charleston, SC",metropolitan,North Charleston,45,50875
16740,"Charlotte-Concord-Gastonia, NC-SC",metropolitan,Charlotte,37,12000
16740,"Charlotte-Concord-Gastonia, NC-SC",metropolitan,Concord,37,14100
16740,"Charlotte-Concord-Gastonia, NC-SC",metropolitan,Gastonia,37,25580
16740,"Charlotte-Concord-Gastonia, NC-SC",metropolitan,Rock Hill,45,61405
16820,"Charlottesville, VA",metropolitan,Charlottesville,51,14968
16860,"Chattanooga, TN-GA",metropolitan,Chattanooga,47,14000
16940,"Cheyenne, WY",metropolitan,Cheyenne,56,13900
16980,"Chicago-Naperville-Elgin, IL-IN-WI",metropolitan,Arlington Heights,17,2154
16980,"Chicago-Naperville-Elgin, IL-IN-WI",metropolitan,Chicago,17,14000
16980,"Chicago-Naperville-Elgin, IL-IN-WI",metropolitan,Des Plaines,17,19642
16980,"Chicago-Naperville-Elgin, IL-IN-WI",metropolitan,Elgin,17,23074
16980,"Chicago-Naperville-Elgin, IL-IN-WI",metropolitan,Evanston,17,24582
16980,"Chicago-Naperville-Elgin, IL-IN-WI",metropolitan,Hoffman Estates,17,35411
16980,"Chicago-Naperville-Elgin, IL-IN-WI",metropolitan,Naperville,17,51622
16980,"Chicago-Naperville-Elgin, IL-IN-WI",metropolitan,Schaumburg,17,68003
16980,"Chicago-Naperville-Elgin, IL-IN-WI",metropolitan,Skokie,17,70122
16980,"Chicago-Naperville-Elgin, IL-IN-WI",metropolitan,Gary,18,27000
17020,"Chico, CA",metropolitan,Chico,6,13014
17060,"Chillicothe, OH",micropolitan,Chillicothe,39,14184
17140,"Cincinnati, OH-KY-IN",metropolitan,Cincinnati,39,15000
17200,"Claremont-Lebanon, NH-VT",micropolitan,Claremont,33,12900
17200,"Claremont-Lebanon, NH-VT",micropolitan,Lebanon,33,41300
17220,"Clarksburg, WV",micropolitan,Clarksburg,54,15628
17260,"Clarksdale, MS",micropolitan,Clarksdale,28,13820
17300,"Clarksville, TN-KY",metropolitan,Clarksville,47,15160
17340,"Clearlake, CA",micropolitan,Clearlake,6,13945
17380,"Cleveland, MS",micropolitan,Cleveland,28,14260
17420,"Cleveland, TN",metropolitan,Cleveland,47,15400
17460,"Cleveland-Elyria, OH",metropolitan,Cleveland,39,16000
17460,"Cleveland-Elyria, OH",metropolitan,Elyria,39,25256
17500,"Clewiston, FL",micropolitan,Clewiston,12,13000
17540,"Clinton, IA",micropolitan,Clinton,19,14430
17580,"Clovis, NM",micropolitan,Clovis,35,16420
17620,"Coamo, PR",micropolitan,Coamo,72,18719
17640,"Coco, PR",micropolitan,Coco,72,18891
17660,"Coeur d'Alene, ID",metropolitan,Coeur d'Alene,16,16750
17700,"Coffeyville, KS",micropolitan,Coffeyville,20,14600
17740,"Coldwater, MI",micropolitan,Coldwater,26,17020
17780,"College Station-Bryan, TX",metropolitan,Bryan,48,10912
17780,"College Station-Bryan, TX",metropolitan,College Station,48,15976
17820,"Colorado Springs, CO",metropolitan,Colorado Springs,8,16000
17860,"Columbia, MO",metropolitan,Columbia,29,15670
17900,"Columbia, SC",metropolitan,Columbia,45,16000
17980,"Columbus, GA-AL",metropolitan,Columbus,13,19000
18020,"Columbus, IN",metropolitan,Columbus,18,14734
18060,"Columbus, MS",micropolitan,Columbus,28,15380
18100,"Columbus, NE",micropolitan,Columbus,31,10110
18140,"Columbus, OH",metropolitan,Columbus,39,18000
18180,"Concord, NH",micropolitan,Concord,33,14200
18220,"Connersville, IN",micropolitan,Connersville,18,14932
18260,"Cookeville, TN",micropolitan,Cookeville,47,16920
18300,"Coos Bay, OR",micropolitan,Coos Bay,41,15250
18380,"Cordele, GA",micropolitan,Cordele,13,19616
18420,"Corinth, MS",micropolitan,Corinth,28,15700
18460,"Cornelia, GA",micropolitan,Cornelia,13,19728
18500,"Corning, NY",micropolitan,Corning,36,18256
18580,"Corpus Christi, TX",metropolitan,Corpus Christi,48,17000
18620,"Corsicana, TX",micropolitan,Corsicana,48,17060
18660,"Cortland, NY",micropolitan,Cortland,36,18388
18700,"Corvallis, OR",metropolitan,Corvallis,41,15800
18740,"Coshocton, OH",micropolitan,Coshocton,39,18868
18780,"Craig, CO",micropolitan,Craig,8,17760
18820,"Crawfordsville, IN",micropolitan,Crawfordsville,18,15742
18860,"Crescent City, CA",micropolitan,Crescent City,6,17022
18880,"Crestview-Fort Walton Beach-Destin, FL",metropolitan,Crestview,12,15475
18880,"Crestview-Fort Walton Beach-Destin, FL",metropolitan,Destin,12,17325
18880,"Crestview-Fort Walton Beach-Destin, FL",metropolitan,Fort Walton Beach,12,24475
18900,"Crossville, TN",micropolitan,Crossville,47,18540
18980,"Cullman, AL",micropolitan,Cullman,1,18976
19000,"Cullowhee, NC",micropolitan,Cullowhee,37,15880
19060,"Cumberland, MD-WV",metropolitan,Cumberland,24,21325
19100,"Dallas-Fort Worth-Arlington, TX",metropolitan,Arlington,48,4000
19100,"Dallas-Fort Worth-Arlington, TX",metropolitan,Dallas,48,19000
19100,"Dallas-Fort Worth-Arlington, TX",metropolitan,Denton,48,19972
19100,"Dallas-Fort Worth-Arlington, TX",metropolitan,Fort Worth,48,27000
19100,"Dallas-Fort Worth-Arlington, TX",metropolitan,Irving,48,37000
19100,"Dallas-Fort Worth-Arlington, TX",metropolitan,Plano,48,58016
19100,"Dallas-Fort Worth-Arlington, TX",metropolitan,Richardson,48,61796
19140,"Dalton, GA",metropolitan,Dalton,13,21380
19180,"Danville, IL",metropolitan,Danville,17,18563
19220,"Danville, KY",micropolitan,Danville,21,19882
19260,"Danville, VA",micropolitan,Danville,51,21344
19300,"Daphne-Fairhope-Foley, AL",metropolitan,Daphne,1,19648
19300,"Daphne-Fairhope-Foley, AL",metropolitan,Fairhope,1,25240
19300,"Daphne-Fairhope-Foley, AL",metropolitan,Foley,1,26992
19340,"Davenport-Moline-Rock Island, IA-IL",metropolitan,Moline,17,49867
19340,"Davenport-Moline-Rock Island, IA-IL",metropolitan,Rock Island,17,65078
19340,"Davenport-Moline-Rock Island, IA-IL",metropolitan,Davenport,19,19000
19380,"Dayton, OH",metropolitan,Dayton,39,21000
19420,"Dayton, TN",micropolitan,Dayton,47,19700
19460,"Decatur, AL",metropolitan,Decatur,1,20104
19500,"Decatur, IL",metropolitan,Decatur,17,18823
19540,"Decatur, IN",micropolitan,Decatur,18,17074
19580,"Defiance, OH",micropolitan,Defiance,39,21308
19620,"Del Rio, TX",micropolitan,Del Rio,48,19792
19660,"Deltona-Daytona Beach-Ormond Beach, FL",metropolitan,Daytona Beach,12,16525
19660,"Deltona-Daytona Beach-Ormond Beach, FL",metropolitan,Deltona,12,17200
19660,"Deltona-Daytona Beach-Ormond Beach, FL",metropolitan,Ormond Beach,12,53150
19700,"Deming, NM",micropolitan,Deming,35,20270
19740,"Denver-Aurora-Lakewood, CO",metropolitan,Aurora,8,4000
19740,"Denver-Aurora-Lakewood, CO",metropolitan,Broomfield,8,9280
19740,"Denver-Aurora-Lakewood, CO",metropolitan,Denver,8,20000
19740,"Denver-Aurora-Lakewood, CO",metropolitan,Lakewood,8,43000
19760,"DeRidder, LA",micropolitan,DeRidder,22,20610
19780,"Des Moines-West Des Moines, IA",metropolitan,Des Moines,19,21000
19780,"Des Moines-West Des Moines, IA",metropolitan,West Des Moines,19,83910
19820,"Detroit-Warren-Dearborn, MI",metropolitan,Dearborn,26,21000
19820,"Detroit-Warren-Dearborn, MI",metropolitan,Detroit,26,22000
19820,"Detroit-Warren-Dearborn, MI",metropolitan,Farmington Hills,26,27440
19820,"Detroit-Warren-Dearborn, MI",metropolitan,Livonia,26,49000
19820,"Detroit-Warren-Dearborn, MI",metropolitan,Novi,26,59440
19820,"Detroit-Warren-Dearborn, MI",metropolitan,Pontiac,26,65440
19820,"Detroit-Warren-Dearborn, MI",metropolitan,Southfield,26,74900
19820,"Detroit-Warren-Dearborn, MI",metropolitan,Taylor,26,79000
19820,"Detroit-Warren-Dearborn, MI",metropolitan,Troy,26,80700
19820,"Detroit-Warren-Dearborn, MI",metropolitan,Warren,26,84000
19860,"Dickinson, ND",micropolitan,Dickinson,38,19620
19940,"Dixon, IL",micropolitan,Dixon,17,20162
19980,"Dodge City, KS",micropolitan,Dodge City,20,18250
20020,"Dothan, AL",metropolitan,Dothan,1,21184
20060,"Douglas, GA",micropolitan,Douglas,13,23872
20100,"Dover, DE",metropolitan,Dover,10,21200
20140,"Dublin, GA",micropolitan,Dublin,13,24376
20180,"DuBois, PA",micropolitan,DuBois,42,20136
20220,"Dubuque, IA",metropolitan,Dubuque,19,22395
20260,"Duluth, MN-WI",metropolitan,Duluth,27,17000
20300,"Dumas, TX",micropolitan,Dumas,48,21556
20340,"Duncan, OK",micropolitan,Duncan,40,21900
20380,"Dunn, NC",micropolitan,Dunn,37,18320
20420,"Durango, CO",micropolitan,Durango,8,22035
20460,"Durant, OK",micropolitan,Durant,40,22050
20500,"Durham-Chapel Hill, NC",metropolitan,Chapel Hill,37,11800
20500,"Durham-Chapel Hill, NC",metropolitan,Durham,37,19000
20540,"Dyersburg, TN",micropolitan,Dyersburg,47,22200
20580,"Eagle Pass, TX",micropolitan,Eagle Pass,48,21892
20660,"Easton, MD",micropolitan,Easton,24,24475
20700,"East Stroudsburg, PA",metropolitan,East Stroudsburg,42,21872
20740,"Eau Claire, WI",metropolitan,Eau Claire,55,22300
20780,"Edwards, CO",micropolitan,Edwards,8,23300
20820,"Effingham, IL",micropolitan,Effingham,17,22736
20900,"El Campo, TX",micropolitan,El Campo,48,22864
20940,"El Centro, CA",metropolitan,El Centro,6,21782
20980,"El Dorado, AR",micropolitan,El Dorado,5,21070
21020,"Elizabeth City, NC",micropolitan,Elizabeth City,37,20580
21060,"Elizabethtown-Fort Knox, KY",metropolitan,Elizabethtown,21,24274
21060,"Elizabethtown-Fort Knox, KY",metropolitan,Fort Knox,21,28540
21120,"Elk City, OK",micropolitan,Elk City,40,23500
21140,"Elkhart-Goshen, IN",metropolitan,Elkhart,18,20728
21140,"Elkhart-Goshen, IN",metropolitan,Goshen,18,28386
21180,"Elkins, WV",micropolitan,Elkins,54,24580
21220,"Elko, NV",micropolitan,Elko,32,22500
21260,"Ellensburg, WA",micropolitan,Ellensburg,53,21240
21300,"Elmira, NY",metropolitan,Elmira,36,24229
21340,"El Paso, TX",metropolitan,El Paso,48,24000
21380,"Emporia, KS",micropolitan,Emporia,20,21275
21420,"Enid, OK",micropolitan,Enid,40,23950
21460,"Enterprise, AL",micropolitan,Enterprise,1,24184
21500,"Erie, PA",metropolitan,Erie,42,24000
21540,"Escanaba, MI",micropolitan,Escanaba,26,26360
21580,"Española, NM",micropolitan,Española,35,25170
21660,"Eugene, OR",metropolitan,Eugene,41,23850
21700,"Eureka-Arcata-Fortuna, CA",micropolitan,Arcata,6,2476
21700,"Eureka-Arcata-Fortuna, CA",micropolitan,Eureka,6,23042
21700,"Eureka-Arcata-Fortuna, CA",micropolitan,Fortuna,6,25296
21740,"Evanston, WY",micropolitan,Evanston,56,25620
21780,"Evansville, IN-KY",metropolitan,Evansville,18,22000
21820,"Fairbanks, AK",metropolitan,Fairbanks,2,24230
21840,"Fairfield, IA",micropolitan,Fairfield,19,26445
21900,"Fairmont, WV",micropolitan,Fairmont,54,26452
21980,"Fallon, NV",micropolitan,Fallon,32,24100
22020,"Fargo, ND-MN",metropolitan,Fargo,38,25700
22060,"Faribault-Northfield, MN",micropolitan,Faribault,27,20546
22060,"Faribault-Northfield, MN",micropolitan,Northfield,27,46924
22100,"Farmington, MO",micropolitan,Farmington,29,23752
22140,"Farmington, NM",metropolitan,Farmington,35,25800
22180,"Fayetteville, NC",metropolitan,Fayetteville,37,22920
22220,"Fayetteville-Springdale-Rogers, AR-MO",metropolitan,Bentonville,5,5320
22220,"Fayetteville-Springdale-Rogers, AR-MO",metropolitan,Fayetteville,5,23290
22220,"Fayetteville-Springdale-Rogers, AR-MO",metropolitan,Rogers,5,60410
22220,"Fayetteville-Springdale-Rogers, AR-MO",metropolitan,Springdale,5,66080
22260,"Fergus Falls, MN",micropolitan,Fergus Falls,27,20906
22280,"Fernley, NV",micropolitan,Fernley,32,24900
22300,"Findlay, OH",micropolitan,Findlay,39,27048
22340,"Fitzgerald, GA",micropolitan,Fitzgerald,13,29528
22380,"Flagstaff, AZ",metropolitan,Flagstaff,4,23620
22420,"Flint, MI",metropolitan,Flint,26,29000
22500,"Florence, SC",metropolitan,Florence,45,25810
22520,"Florence-Muscle Shoals, AL",metropolitan,Florence,1,26896
22520,"Florence-Muscle Shoals, AL",metropolitan,Muscle Shoals,1,53016
22540,"Fond du Lac, WI",metropolitan,Fond du Lac,55,26275
22580,"Forest City, NC",micropolitan,Forest City,37,24080
22620,"Forrest City, AR",micropolitan,Forrest City,5,24430
22660,"Fort Collins, CO",metropolitan,Fort Collins,8,27425
22700,"Fort Dodge, IA",micropolitan,Fort Dodge,19,28515
22780,"Fort Leonard Wood, MO",micropolitan,Fort Leonard Wood,29,25264
22800,"Fort Madison-Keokuk, IA-IL-MO",micropolitan,Fort Madison,19,28605
22800,"Fort Madison-Keokuk, IA-IL-MO",micropolitan,Keokuk,19,40845
22820,"Fort Morgan, CO",micropolitan,Fort Morgan,8,27810
22860,"Fort Polk South, LA",micropolitan,Fort Polk South,22,26757
22900,"Fort Smith, AR-OK",metropolitan,Fort Smith,5,24550
23060,"Fort Wayne, IN",metropolitan,Fort Wayne,18,25000
23140,"Frankfort, IN",micropolitan,Frankfort,18,25324
23180,"Frankfort, KY",micropolitan,Frankfort,21,28900
23240,"Fredericksburg, TX",micropolitan,Fredericksburg,48,27348
23300,"Freeport, IL",micropolitan,Freeport,17,27884
23340,"Fremont, NE",micropolitan,Fremont,31,17670
23380,"Fremont, OH",micropolitan,Fremont,39,28826
23420,"Fresno, CA",metropolitan,Fresno,6,27000
23460,"Gadsden, AL",metropolitan,Gadsden,1,28696
23500,"Gaffney, SC",micropolitan,Gaffney,45,28060
23540,"Gainesville, FL",metropolitan,Gainesville,12,25175
23580,"Gainesville, GA",metropolitan,Gainesville,13,31908
23620,"Gainesville, TX",micropolitan,Gainesville,48,27984
23660,"Galesburg, IL",micropolitan,Galesburg,17,28326
23700,"Gallup, NM",micropolitan,Gallup,35,28460
23780,"Garden City, KS",micropolitan,Garden City,20,25325
23820,"Gardnerville Ranchos, NV",micropolitan,Gardnerville Ranchos,32,26500
23860,"Georgetown, SC",micropolitan,Georgetown,45,28870
23900,"Gettysburg, PA",metropolitan,Gettysburg,42,28960
23940,"Gillette, WY",micropolitan,Gillette,56,31855
23980,"Glasgow, KY",micropolitan,Glasgow,21,31114
24020,"Glens Falls, NY",metropolitan,Glens Falls,36,29333
24060,"Glenwood Springs, CO",micropolitan,Glenwood Springs,8,30780
24100,"Gloversville, NY",micropolitan,Gloversville,36,29443
24140,"Goldsboro, NC",metropolitan,Goldsboro,37,26880
24220,"Grand Forks, ND-MN",metropolitan,Grand Forks,38,32060
24260,"Grand Island, NE",metropolitan,Grand Island,31,19595
24300,"Grand Junction, CO",metropolitan,Grand Junction,8,31660
24340,"Grand Rapids-Wyoming, MI",metropolitan,Grand Rapids,26,34000
24340,"Grand Rapids-Wyoming, MI",metropolitan,Wyoming,26,88940
24380,"Grants, NM",micropolitan,Grants,35,30490
24420,"Grants Pass, OR",metropolitan,Grants Pass,41,30550
24460,"Great Bend, KS",micropolitan,Great Bend,20,28300
24500,"Great Falls, MT",metropolitan,Great Falls,30,32800
24540,"Greeley, CO",metropolitan,Greeley,8,32155
24580,"Green Bay, WI",metropolitan,Green Bay,55,31000
24620,"Greeneville, TN",micropolitan,Greeneville,47,30980
24640,"Greenfield Town, MA",micropolitan,Greenfield Town,25,27100
24660,"Greensboro-High Point, NC",metropolitan,Greensboro,37,28000
24660,"Greensboro-High Point, NC",metropolitan,High Point,37,31400
24700,"Greensburg, IN",micropolitan,Greensburg,18,29718
24740,"Greenville, MS",micropolitan,Greenville,28,29180
24780,"Greenville, NC",metropolitan,Greenville,37,28080
24820,"Greenville, OH",micropolitan,Greenville,39,32340
24860,"Greenville-Anderson-Mauldin, SC",metropolitan,Anderson,45,1360
24860,"Greenville-Anderson-Mauldin, SC",metropolitan,Easley,45,21985
24860,"Greenville-Anderson-Mauldin, SC",metropolitan,Greenville,45,30850
24860,"Greenville-Anderson-Mauldin, SC",metropolitan,Mauldin,45,45115
24900,"Greenwood, MS",micropolitan,Greenwood,28,29340
24940,"Greenwood, SC",micropolitan,Greenwood,45,30895
24980,"Grenada, MS",micropolitan,Grenada,28,29460
25020,"Guayama, PR",metropolitan,Guayama,72,32221
25060,"Gulfport-Biloxi-Pascagoula, MS",metropolitan,Biloxi,28,6220
25060,"Gulfport-Biloxi-Pascagoula, MS",metropolitan,Gulfport,28,29700
25060,"Gulfport-Biloxi-Pascagoula, MS",metropolitan,Pascagoula,28,55360
25100,"Guymon, OK",micropolitan,Guymon,40,31750
25180,"Hagerstown-Martinsburg, MD-WV",metropolitan,Hagerstown,24,36075
25180,"Hagerstown-Martinsburg, MD-WV",metropolitan,Martinsburg,54,52060
25200,"Hailey, ID",micropolitan,Hailey,16,34390
25220,"Hammond, LA",metropolitan,Hammond,22,32755
25260,"Hanford-Corcoran, CA",metropolitan,Corcoran,6,16224
25260,"Hanford-Corcoran, CA",metropolitan,Hanford,6,31960
25300,"Hannibal, MO",micropolitan,Hannibal,29,30214
25420,"Harrisburg-Carlisle, PA",metropolitan,Carlisle,42,11272
25420,"Harrisburg-Carlisle, PA",metropolitan,Harrisburg,42,32800
25460,"Harrison, AR",micropolitan,Harrison,5,30460
25500,"Harrisonburg, VA",metropolitan,Harrisonburg,51,35624
25540,"Hartford-West Hartford-East Hartford, CT",metropolitan,East Hartford,9,22700
25540,"Hartford-West Hartford-East Hartford, CT",metropolitan,Hartford,9,37000
25540,"Hartford-West Hartford-East Hartford, CT",metropolitan,Middletown,9,47290
25540,"Hartford-West Hartford-East Hartford, CT",metropolitan,West Hartford,9,82660
25580,"Hastings, NE",micropolitan,Hastings,31,21415
25620,"Hattiesburg, MS",metropolitan,Hattiesburg,28,31020
25700,"Hays, KS",micropolitan,Hays,20,31100
25720,"Heber, UT",micropolitan,Heber,49,34200
25740,"Helena, MT",micropolitan,Helena,30,35600
25760,"Helena-West Helena, AR",micropolitan,Helena-West Helena,5,31190
25780,"Henderson, NC",micropolitan,Henderson,37,30660
25820,"Hereford, TX",micropolitan,Hereford,48,33320
25840,"Hermiston-Pendleton, OR",micropolitan,Hermiston,41,33700
25840,"Hermiston-Pendleton, OR",micropolitan,Pendleton,41,57150
25860,"Hickory-Lenoir-Morganton, NC",metropolitan,Hickory,37,31060
25860,"Hickory-Lenoir-Morganton, NC",metropolitan,Lenoir,37,37760
25860,"Hickory-Lenoir-Morganton, NC",metropolitan,Morganton,37,44400
25880,"Hillsdale, MI",micropolitan,Hillsdale,26,38460
25900,"Hilo, HI",micropolitan,Hilo,15,14650
25940,"Hilton Head Island-Bluffton-Beaufort, SC",metropolitan,Beaufort,45,4690
25940,"Hilton Head Island-Bluffton-Beaufort, SC",metropolitan,Bluffton,45,7210
25940,"Hilton Head Island-Bluffton-Beaufort, SC",metropolitan,Hilton Head Island,45,34045
25980,"Hinesville, GA",metropolitan,Hinesville,13,38964
26020,"Hobbs, NM",micropolitan,Hobbs,35,32520
26090,"Holland, MI",micropolitan,Holland,26,38640
26140,"Homosassa Springs, FL",metropolitan,Homosassa Springs,12,32400
26220,"Hood River, OR",micropolitan,Hood River,41,34900
26300,"Hot Springs, AR",metropolitan,Hot Springs,5,33400
26340,"Houghton, MI",micropolitan,Houghton,26,39360
26380,"Houma-Thibodaux, LA",metropolitan,Houma,22,36255
26380,"Houma-Thibodaux, LA",metropolitan,Thibodaux,22,75425
26420,"Houston-The Woodlands-Sugar Land, TX",metropolitan,Baytown,48,6128
26420,"Houston-The Woodlands-Sugar Land, TX",metropolitan,Conroe,48,16432
26420,"Houston-The Woodlands-Sugar Land, TX",metropolitan,Houston,48,35000
26420,"Houston-The Woodlands-Sugar Land, TX",metropolitan,Sugar Land,48,70808
26420,"Houston-The Woodlands-Sugar Land, TX",metropolitan,The Woodlands,48,72656
26460,"Hudson, NY",micropolitan,Hudson,36,35969
26500,"Huntingdon, PA",micropolitan,Huntingdon,42,36368
26540,"Huntington, IN",micropolitan,Huntington,18,35302
26580,"Huntington-Ashland, WV-KY-OH",metropolitan,Ashland,21,2368
26580,"Huntington-Ashland, WV-KY-OH",metropolitan,Huntington,54,39460
26620,"Huntsville, AL",metropolitan,Huntsville,1,37000
26660,"Huntsville, TX",micropolitan,Huntsville,48,35528
26700,"Huron, SD",micropolitan,Huron,46,31060
26740,"Hutchinson, KS",micropolitan,Hutchinson,20,33625
26780,"Hutchinson, MN",micropolitan,Hutchinson,27,30644
26820,"Idaho Falls, ID",metropolitan,Idaho Falls,16,39700
26860,"Indiana, PA",micropolitan,Indiana,42,36816
26900,"Indianapolis-Carmel-Anderson, IN",metropolitan,Anderson,18,1468
26900,"Indianapolis-Carmel-Anderson, IN",metropolitan,Carmel,18,10342
26900,"Indianapolis-Carmel-Anderson, IN",metropolitan,Indianapolis city (balance),18,36003
26940,"Indianola, MS",micropolitan,Indianola,28,34740
26960,"Ionia, MI",micropolitan,Ionia,26,40860
26980,"Iowa City, IA",metropolitan,Iowa City,19,38595
27020,"Iron Mountain, MI-WI",micropolitan,Iron Mountain,26,40960
27060,"Ithaca, NY",metropolitan,Ithaca,36,38077
27100,"Jackson, MI",metropolitan,Jackson,26,41420
27140,"Jackson, MS",metropolitan,Jackson,28,36000
27160,"Jackson, OH",micropolitan,Jackson,39,37842
27180,"Jackson, TN",metropolitan,Jackson,47,37640
27220,"Jackson, WY-ID",micropolitan,Jackson,56,40120
27260,"Jacksonville, FL",metropolitan,Jacksonville,12,35000
27300,"Jacksonville, IL",micropolitan,Jacksonville,17,38115
27340,"Jacksonville, NC",metropolitan,Jacksonville,37,34200
27380,"Jacksonville, TX",micropolitan,Jacksonville,48,37216
27420,"Jamestown, ND",micropolitan,Jamestown,38,40580
27460,"Jamestown-Dunkirk-Fredonia, NY",micropolitan,Dunkirk,36,21105
27460,"Jamestown-Dunkirk-Fredonia, NY",micropolitan,Fredonia,36,27419
27460,"Jamestown-Dunkirk-Fredonia, NY",micropolitan,Jamestown,36,38264
27500,"Janesville-Beloit, WI",metropolitan,Beloit,55,6500
27500,"Janesville-Beloit, WI",metropolitan,Janesville,55,37825
27540,"Jasper, IN",micropolitan,Jasper,18,37782
27580,"Jayuya, PR",micropolitan,Jayuya,72,38370
27600,"Jefferson, GA",micropolitan,Jefferson,13,41988
27620,"Jefferson City, MO",metropolitan,Jefferson City,29,37000
27700,"Jesup, GA",micropolitan,Jesup,13,42268
27740,"Johnson City, TN",metropolitan,Johnson City,47,38320
27780,"Johnstown, PA",metropolitan,Johnstown,42,38288
27860,"Jonesboro, AR",metropolitan,Jonesboro,5,35710
27900,"Joplin, MO",metropolitan,Joplin,29,37592
27920,"Junction City, KS",micropolitan,Junction City,20,35750
27940,"Juneau, AK",micropolitan,Juneau,2,36400
27980,"Kahului-Wailuku-Lahaina, HI",metropolitan,Kahului,15,22700
27980,"Kahului-Wailuku-Lahaina, HI",metropolitan,Lahaina,15,42950
27980,"Kahului-Wailuku-Lahaina, HI",metropolitan,Wailuku,15,77450
28020,"Kalamazoo-Portage, MI",metropolitan,Kalamazoo,26,42160
28020,"Kalamazoo-Portage, MI",metropolitan,Portage,26,65560
28060,"Kalispell, MT",micropolitan,Kalispell,30,40075
28100,"Kankakee, IL",metropolitan,Kankakee,17,38934
28140,"Kansas City, MO-KS",metropolitan,Kansas City,20,36000
28140,"Kansas City, MO-KS",metropolitan,Overland Park,20,53775
28140,"Kansas City, MO-KS",metropolitan,Kansas City,29,38000
28180,"Kapaa, HI",micropolitan,Kapaa,15,28850
28260,"Kearney, NE",micropolitan,Kearney,31,25055
28300,"Keene, NH",micropolitan,Keene,33,39300
28340,"Kendallville, IN",micropolitan,Kendallville,18,39402
28380,"Kennett, MO",micropolitan,Kennett,29,38306
28420,"Kennewick-Richland, WA",metropolitan,Kennewick,53,35275
28420,"Kennewick-Richland, WA",metropolitan,Richland,53,58235
28500,"Kerrville, TX",micropolitan,Kerrville,48,39040
28540,"Ketchikan, AK",micropolitan,Ketchikan,2,38970
28580,"Key West, FL",micropolitan,Key West,12,36550
28620,"Kill Devil Hills, NC",micropolitan,Kill Devil Hills,37,35720
28660,"Killeen-Temple, TX",metropolitan,Killeen,48,39148
28660,"Killeen-Temple, TX",metropolitan,Temple,48,72176
28700,"Kingsport-Bristol-Bristol, TN-VA",metropolitan,Bristol,47,8540
28700,"Kingsport-Bristol-Bristol, TN-VA",metropolitan,Kingsport,47,39560
28700,"Kingsport-Bristol-Bristol, TN-VA",metropolitan,Bristol,51,9816
28740,"Kingston, NY",metropolitan,Kingston,36,39727
28780,"Kingsville, TX",micropolitan,Kingsville,48,39352
28820,"Kinston, NC",micropolitan,Kinston,37,35920
28860,"Kirksville, MO",micropolitan,Kirksville,29,39026
28900,"Klamath Falls, OR",micropolitan,Klamath Falls,41,39700
28940,"Knoxville, TN",metropolitan,Knoxville,47,40000
29020,"Kokomo, IN",metropolitan,Kokomo,18,40392
29060,"Laconia, NH",micropolitan,Laconia,33,40180
29100,"La Crosse-Onalaska, WI-MN",metropolitan,La Crosse,55,40775
29100,"La Crosse-Onalaska, WI-MN",metropolitan,Onalaska,55,59925
29180,"Lafayette, LA",metropolitan,Lafayette,22,40735
29200,"Lafayette-West Lafayette, IN",metropolitan,Lafayette,18,40788
29200,"Lafayette-West Lafayette, IN",metropolitan,West Lafayette,18,82862
29260,"La Grande, OR",micropolitan,La Grande,41,40350
29300,"LaGrange, GA",micropolitan,LaGrange,13,44340
29340,"Lake Charles, LA",metropolitan,Lake Charles,22,41155
29380,"Lake City, FL",micropolitan,Lake City,12,37775
29420,"Lake Havasu City-Kingman, AZ",metropolitan,Kingman,4,37620
29420,"Lake Havasu City-Kingman, AZ",metropolitan,Lake Havasu City,4,39370
29460,"Lakeland-Winter Haven, FL",metropolitan,Lakeland,12,38250
29460,"Lakeland-Winter Haven, FL",metropolitan,Winter Haven,12,78275
29500,"Lamesa, TX",micropolitan,Lamesa,48,41164
29540,"Lancaster, PA",metropolitan,Lancaster,42,41216
29620,"Lansing-East Lansing, MI",metropolitan,East Lansing,26,24120
29620,"Lansing-East Lansing, MI",metropolitan,Lansing,26,46000
29660,"Laramie, WY",micropolitan,Laramie,56,45050
29700,"Laredo, TX",metropolitan,Laredo,48,41464
29740,"Las Cruces, NM",metropolitan,Las Cruces,35,39380
29780,"Las Vegas, NM",micropolitan,Las Vegas,35,39940
29820,"Las Vegas-Henderson-Paradise, NV",metropolitan,Henderson,32,31900
29820,"Las Vegas-Henderson-Paradise, NV",metropolitan,Las Vegas,32,40000
29820,"Las Vegas-Henderson-Paradise, NV",metropolitan,Paradise,32,54600
29860,"Laurel, MS",micropolitan,Laurel,28,39640
29900,"Laurinburg, NC",micropolitan,Laurinburg,37,37220
29940,"Lawrence, KS",metropolitan,Lawrence,20,38900
29980,"Lawrenceburg, TN",micropolitan,Lawrenceburg,47,41340
30020,"Lawton, OK",metropolitan,Lawton,40,41850
30060,"Lebanon, MO",micropolitan,Lebanon,29,41168
30140,"Lebanon, PA",metropolitan,Lebanon,42,42168
30220,"Levelland, TX",micropolitan,Levelland,48,42448
30260,"Lewisburg, PA",micropolitan,Lewisburg,42,42976
30280,"Lewisburg, TN",micropolitan,Lewisburg,47,41860
30300,"Lewiston, ID-WA",metropolitan,Lewiston,16,46540
30340,"Lewiston-Auburn, ME",metropolitan,Auburn,23,2060
30340,"Lewiston-Auburn, ME",metropolitan,Lewiston,23,38740
30380,"Lewistown, PA",micropolitan,Lewistown,42,43000
30420,"Lexington, NE",micropolitan,Lexington,31,26910
30460,"Lexington-Fayette, KY",metropolitan,Lexington-Fayette,21,46027
30580,"Liberal, KS",micropolitan,Liberal,20,39825
30620,"Lima, OH",metropolitan,Lima,39,43554
30660,"Lincoln, IL",micropolitan,Lincoln,17,43536
30700,"Lincoln, NE",metropolitan,Lincoln,31,28000
30780,"Little Rock-North Little Rock-Conway, AR",metropolitan,Conway,5,15190
30780,"Little Rock-North Little Rock-Conway, AR",metropolitan,Little Rock,5,41000
30780,"Little Rock-North Little Rock-Conway, AR",metropolitan,North Little Rock,5,50450
30820,"Lock Haven, PA",micropolitan,Lock Haven,42,44128
30860,"Logan, UT-ID",metropolitan,Logan,49,45860
30880,"Logan, WV",micropolitan,Logan,54,48148
30900,"Logansport, IN",micropolitan,Logansport,18,44658
30940,"London, KY",micropolitan,London,21,47476
30980,"Longview, TX",metropolitan,Longview,48,43888
31020,"Longview, WA",metropolitan,Longview,53,40245
31060,"Los Alamos, NM",micropolitan,Los Alamos,35,42320
31080,"Los Angeles-Long Beach-Anaheim, CA",metropolitan,Anaheim,6,2000
31080,"Los Angeles-Long Beach-Anaheim, CA",metropolitan,Arcadia,6,2462
31080,"Los Angeles-Long Beach-Anaheim, CA",metropolitan,Burbank,6,8954
31080,"Los Angeles-Long Beach-Anaheim, CA",metropolitan,Carson,6,11530
31080,"Los Angeles-Long Beach-Anaheim, CA",metropolitan,Costa Mesa,6,16532
31080,"Los Angeles-Long Beach-Anaheim, CA",metropolitan,Fountain Valley,6,25380
31080,"Los Angeles-Long Beach-Anaheim, CA",metropolitan,Gardena,6,28168
31080,"Los Angeles-Long Beach-Anaheim, CA",metropolitan,Glendale,6,30000
31080,"Los Angeles-Long Beach-Anaheim, CA",metropolitan,Irvine,6,36770
31080,"Los Angeles-Long Beach-Anaheim, CA",metropolitan,Long Beach,6,43000
31080,"Los Angeles-Long Beach-Anaheim, CA",metropolitan,Los Angeles,6,44000
31080,"Los Angeles-Long Beach-Anaheim, CA",metropolitan,Monterey Park,6,48914
31080,"Los Angeles-Long Beach-Anaheim, CA",metropolitan,Newport Beach,6,51182
31080,"Los Angeles-Long Beach-Anaheim, CA",metropolitan,Orange,6,53980
31080,"Los Angeles-Long Beach-Anaheim, CA",metropolitan,Pasadena,6,56000
31080,"Los Angeles-Long Beach-Anaheim, CA",metropolitan,Santa Ana,6,69000
31080,"Los Angeles-Long Beach-Anaheim, CA",metropolitan,Santa Monica,6,70000
31080,"Los Angeles-Long Beach-Anaheim, CA",metropolitan,Torrance,6,80000
31080,"Los Angeles-Long Beach-Anaheim, CA",metropolitan,Tustin,6,80854
31140,"Louisville/Jefferson County, KY-IN",metropolitan,Louisville/Jefferson County metro government (balance),21,48006
31180,"Lubbock, TX",metropolitan,Lubbock,48,45000
31220,"Ludington, MI",micropolitan,Ludington,26,49640
31260,"Lufkin, TX",micropolitan,Lufkin,48,45072
31300,"Lumberton, NC",micropolitan,Lumberton,37,39700
31340,"Lynchburg, VA",metropolitan,Lynchburg,51,47672
31380,"Macomb, IL",micropolitan,Macomb,17,45889
31420,"Macon, GA",metropolitan,Macon,13,49000
31460,"Madera, CA",metropolitan,Madera,6,45022
31500,"Madison, IN",micropolitan,Madison,18,45990
31540,"Madison, WI",metropolitan,Madison,55,48000
31580,"Madisonville, KY",micropolitan,Madisonville,21,49368
31620,"Magnolia, AR",micropolitan,Magnolia,5,43460
31660,"Malone, NY",micropolitan,Malone,36,44710
31680,"Malvern, AR",micropolitan,Malvern,5,43610
31700,"Manchester-Nashua, NH",metropolitan,Manchester,33,45140
31700,"Manchester-Nashua, NH",metropolitan,Nashua,33,50260
31740,"Manhattan, KS",metropolitan,Manhattan,20,44250
31820,"Manitowoc, WI",micropolitan,Manitowoc,55,48500
31860,"Mankato-North Mankato, MN",metropolitan,Mankato,27,39878
31860,"Mankato-North Mankato, MN",metropolitan,North Mankato,27,47068
31900,"Mansfield, OH",metropolitan,Mansfield,39,47138
31930,"Marietta, OH",micropolitan,Marietta,39,47628
31940,"Marinette, WI-MI",micropolitan,Marinette,55,49300
31980,"Marion, IN",micropolitan,Marion,18,46908
32000,"Marion, NC",micropolitan,Marion,37,41420
32020,"Marion, OH",micropolitan,Marion,39,47754
32100,"Marquette, MI",micropolitan,Marquette,26,51900
32140,"Marshall, MN",micropolitan,Marshall,27,40688
32180,"Marshall, MO",micropolitan,Marshall,29,46316
32220,"Marshall, TX",micropolitan,Marshall,48,46776
32260,"Marshalltown, IA",micropolitan,Marshalltown,19,49755
32280,"Martin, TN",micropolitan,Martin,47,46240
32300,"Martinsville, VA",micropolitan,Martinsville,51,49784
32340,"Maryville, MO",micropolitan,Maryville,29,46640
32380,"Mason City, IA",micropolitan,Mason City,19,50160
32420,"Mayagüez, PR",metropolitan,Mayagüez,72,52431
32460,"Mayfield, KY",micropolitan,Mayfield,21,50898
32500,"Maysville, KY",micropolitan,Maysville,21,51024
32540,"McAlester, OK",micropolitan,McAlester,40,44800
32580,"McAllen-Edinburg-Mission, TX",metropolitan,Edinburg,48,22660
32580,"McAllen-Edinburg-Mission, TX",metropolitan,McAllen,48,45384
32580,"McAllen-Edinburg-Mission, TX",metropolitan,Mission,48,48768
32620,"McComb, MS",micropolitan,McComb,28,43280
32660,"McMinnville, TN",micropolitan,McMinnville,47,45100
32700,"McPherson, KS",micropolitan,McPherson,20,43950
32740,"Meadville, PA",micropolitan,Meadville,42,48360
32780,"Medford, OR",metropolitan,Medford,41,47000
32820,"Memphis, TN-MS-AR",metropolitan,Memphis,47,48000
32860,"Menomonie, WI",micropolitan,Menomonie,55,51025
32900,"Merced, CA",metropolitan,Merced,6,46898
32940,"Meridian, MS",micropolitan,Meridian,28,46640
32980,"Merrill, WI",micropolitan,Merrill,55,51250
33020,"Mexico, MO",micropolitan,Mexico,29,47648
33060,"Miami, OK",micropolitan,Miami,40,48000
33100,"Miami-Fort Lauderdale-West Palm Beach, FL",metropolitan,Boca Raton,12,7300
33100,"Miami-Fort Lauderdale-West Palm Beach, FL",metropolitan,Deerfield Beach,12,16725
33100,"Miami-Fort Lauderdale-West Palm Beach, FL",metropolitan,Delray Beach,12,17100
33100,"Miami-Fort Lauderdale-West Palm Beach, FL",metropolitan,Fort Lauderdale,12,24000
33100,"Miami-Fort Lauderdale-West Palm Beach, FL",metropolitan,Jupiter,12,35875
33100,"Miami-Fort Lauderdale-West Palm Beach, FL",metropolitan,Kendall,12,36100
33100,"Miami-Fort Lauderdale-West Palm Beach, FL",metropolitan,Miami,12,45000
33100,"Miami-Fort Lauderdale-West Palm Beach, FL",metropolitan,Miami Beach,12,45025
33100,"Miami-Fort Lauderdale-West Palm Beach, FL",metropolitan,Pompano Beach,12,58050
33100,"Miami-Fort Lauderdale-West Palm Beach, FL",metropolitan,West Palm Beach,12,76600
33140,"Michigan City-La Porte, IN",metropolitan,La Porte,18,42246
33140,"Michigan City-La Porte, IN",metropolitan,Michigan City,18,48798
33180,"Middlesborough, KY",micropolitan,Middlesborough,21,51924
33220,"Midland, MI",metropolitan,Midland,26,53780
33260,"Midland, TX",metropolitan,Midland,48,48072
33300,"Milledgeville, GA",micropolitan,Milledgeville,13,51492
33340,"Milwaukee-Waukesha-West Allis, WI",metropolitan,Milwaukee,55,53000
33340,"Milwaukee-Waukesha-West Allis, WI",metropolitan,Waukesha,55,84250
33340,"Milwaukee-Waukesha-West Allis, WI",metropolitan,West Allis,55,85300
33420,"Mineral Wells, TX",micropolitan,Mineral Wells,48,48684
33460,"Minneapolis-St. Paul-Bloomington, MN-WI",metropolitan,Bloomington,27,6616
33460,"Minneapolis-St. Paul-Bloomington, MN-WI",metropolitan,Eagan,27,17288
33460,"Minneapolis-St. Paul-Bloomington, MN-WI",metropolitan,Eden Prairie,27,18116
33460,"Minneapolis-St. Paul-Bloomington, MN-WI",metropolitan,Minneapolis,27,43000
33460,"Minneapolis-St. Paul-Bloomington, MN-WI",metropolitan,Plymouth,27,51730
33460,"Minneapolis-St. Paul-Bloomington, MN-WI",metropolitan,St. Paul,27,58000
33500,"Minot, ND",micropolitan,Minot,38,53380
33540,"Missoula, MT",metropolitan,Missoula,30,50200
33580,"Mitchell, SD",micropolitan,Mitchell,46,43100
33620,"Moberly, MO",micropolitan,Moberly,29,49034
33660,"Mobile, AL",metropolitan,Mobile,1,50000
33700,"Modesto, CA",metropolitan,Modesto,6,48354
33740,"Monroe, LA",metropolitan,Monroe,22,51410
33780,"Monroe, MI",metropolitan,Monroe,26,55020
33860,"Montgomery, AL",metropolitan,Montgomery,1,51000
33940,"Montrose, CO",micropolitan,Montrose,8,51745
33980,"Morehead City, NC",micropolitan,Morehead City,37,44320
34020,"Morgan City, LA",micropolitan,Morgan City,22,52040
34060,"Morgantown, WV",metropolitan,Morgantown,54,55756
34100,"Morristown, TN",metropolitan,Morristown,47,50280
34140,"Moscow, ID",micropolitan,Moscow,16,54550
34180,"Moses Lake, WA",micropolitan,Moses Lake,53,47245
34220,"Moultrie, GA",micropolitan,Moultrie,13,53060
34260,"Mountain Home, AR",micropolitan,Mountain Home,5,47390
34300,"Mountain Home, ID",micropolitan,Mountain Home,16,54730
34340,"Mount Airy, NC",micropolitan,Mount Airy,37,44800
34380,"Mount Pleasant, MI",micropolitan,Mount Pleasant,26,56020
34420,"Mount Pleasant, TX",micropolitan,Mount Pleasant,48,49800
34460,"Mount Sterling, KY",micropolitan,Mount Sterling,21,54084
34500,"Mount Vernon, IL",micropolitan,Mount Vernon,17,51180
34540,"Mount Vernon, OH",micropolitan,Mount Vernon,39,53102
34580,"Mount Vernon-Anacortes, WA",metropolitan,Anacortes,53,1990
34580,"Mount Vernon-Anacortes, WA",metropolitan,Mount Vernon,53,47560
34620,"Muncie, IN",metropolitan,Muncie,18,51876
34660,"Murray, KY",micropolitan,Murray,21,54642
34700,"Muscatine, IA",micropolitan,Muscatine,19,55110
34740,"Muskegon, MI",metropolitan,Muskegon,26,56320
34780,"Muskogee, OK",micropolitan,Muskogee,40,50050
34820,"Myrtle Beach-Conway-North Myrtle Beach, SC-NC",metropolitan,Conway,45,16405
34820,"Myrtle Beach-Conway-North Myrtle Beach, SC-NC",metropolitan,Myrtle Beach,45,49075
34820,"Myrtle Beach-Conway-North Myrtle Beach, SC-NC",metropolitan,North Myrtle Beach,45,51280
34860,"Nacogdoches, TX",micropolitan,Nacogdoches,48,50256
34900,"Napa, CA",metropolitan,Napa,6,50258
34940,"Naples-Immokalee-Marco Island, FL",metropolitan,Immokalee,12,33250
34940,"Naples-Immokalee-Marco Island, FL",metropolitan,Marco Island,12,43083
34940,"Naples-Immokalee-Marco Island, FL",metropolitan,Naples,12,47625
34980,"Nashville-Davidson--Murfreesboro--Franklin, TN",metropolitan,Franklin,47,27740
34980,"Nashville-Davidson--Murfreesboro--Franklin, TN",metropolitan,Murfreesboro,47,51560
34980,"Nashville-Davidson--Murfreesboro--Franklin, TN",metropolitan,Nashville-Davidson metropolitan government (balance),47,52006
35020,"Natchez, MS-LA",micropolitan,Natchez,28,50440
35060,"Natchitoches, LA",micropolitan,Natchitoches,22,53545
35100,"New Bern, NC",metropolitan,New Bern,37,46340
35140,"Newberry, SC",micropolitan,Newberry,45,49570
35220,"New Castle, IN",micropolitan,New Castle,18,52740
35260,"New Castle, PA",micropolitan,New Castle,42,53368
35300,"New Haven-Milford, CT",metropolitan,Milford city (balance),9,47515
35300,"New Haven-Milford, CT",metropolitan,New Haven,9,52000
35380,"New Orleans-Metairie, LA",metropolitan,Metairie,22,50115
35380,"New Orleans-Metairie, LA",metropolitan,New Orleans,22,55000
35420,"New Philadelphia-Dover, OH",micropolitan,Dover,39,22456
35420,"New Philadelphia-Dover, OH",micropolitan,New Philadelphia,39,55216
35440,"Newport, OR",micropolitan,Newport,41,52450
35460,"Newport, TN",micropolitan,Newport,47,53000
35500,"Newton, IA",micropolitan,Newton,19,56505
35580,"New Ulm, MN",micropolitan,New Ulm,27,46042
35620,"New York-Newark-Jersey City, NY-NJ-PA",metropolitan,Jersey City,34,36000
35620,"New York-Newark-Jersey City, NY-NJ-PA",metropolitan,Lakewood,34,38580
35620,"New York-Newark-Jersey City, NY-NJ-PA",metropolitan,Newark,34,51000
35620,"New York-Newark-Jersey City, NY-NJ-PA",metropolitan,New Brunswick,34,51210
35620,"New York-Newark-Jersey City, NY-NJ-PA",metropolitan,New York,36,51000
35620,"New York-Newark-Jersey City, NY-NJ-PA",metropolitan,White Plains,36,81677
35660,"Niles-Benton Harbor, MI",metropolitan,Benton Harbor,26,7520
35660,"Niles-Benton Harbor, MI",metropolitan,Niles,26,57760
35700,"Nogales, AZ",micropolitan,Nogales,4,49640
35740,"Norfolk, NE",micropolitan,Norfolk,31,34615
35820,"North Platte, NE",micropolitan,North Platte,31,35000
35840,"North Port-Sarasota-Bradenton, FL",metropolitan,Bradenton,12,7950
35840,"North Port-Sarasota-Bradenton, FL",metropolitan,North Port,12,49675
35840,"North Port-Sarasota-Bradenton, FL",metropolitan,Sarasota,12,64175
35840,"North Port-Sarasota-Bradenton, FL",metropolitan,Venice,12,73900
35860,"North Vernon, IN",micropolitan,North Vernon,18,55116
35900,"North Wilkesboro, NC",micropolitan,North Wilkesboro,37,47880
35940,"Norwalk, OH",micropolitan,Norwalk,39,57302
35980,"Norwich-New London, CT",metropolitan,New London,9,52280
35980,"Norwich-New London, CT",metropolitan,Norwich,9,56200
36020,"Oak Harbor, WA",micropolitan,Oak Harbor,53,50360
36100,"Ocala, FL",metropolitan,Ocala,12,50750
36140,"Ocean City, NJ",metropolitan,Ocean City,34,54360
36220,"Odessa, TX",metropolitan,Odessa,48,53388
36260,"Ogden-Clearfield, UT",metropolitan,Clearfield,49,13850
36260,"Ogden-Clearfield, UT",metropolitan,Ogden,49,55980
36300,"Ogdensburg-Massena, NY",micropolitan,Massena,36,46019
36300,"Ogdensburg-Massena, NY",micropolitan,Ogdensburg,36,54485
36340,"Oil City, PA",micropolitan,Oil City,42,56456
36380,"Okeechobee, FL",micropolitan,Okeechobee,12,51200
36420,"Oklahoma City, OK",metropolitan,Oklahoma City,40,55000
36460,"Olean, NY",micropolitan,Olean,36,54716
36500,"Olympia-Tumwater, WA",metropolitan,Olympia,53,51300
36500,"Olympia-Tumwater, WA",metropolitan,Tumwater,53,72905
36540,"Omaha-Council Bluffs, NE-IA",metropolitan,Council Bluffs,19,16860
36540,"Omaha-Council Bluffs, NE-IA",metropolitan,Omaha,31,37000
36580,"Oneonta, NY",micropolitan,Oneonta,36,54881
36620,"Ontario, OR-ID",micropolitan,Ontario,41,54900
36660,"Opelousas, LA",micropolitan,Opelousas,22,58045
36700,"Orangeburg, SC",micropolitan,Orangeburg,45,53080
36740,"Orlando-Kissimmee-Sanford, FL",metropolitan,Kissimmee,12,36950
36740,"Orlando-Kissimmee-Sanford, FL",metropolitan,Orlando,12,53000
36740,"Orlando-Kissimmee-Sanford, FL",metropolitan,Sanford,12,63650
36780,"Oshkosh-Neenah, WI",metropolitan,Neenah,55,55750
36780,"Oshkosh-Neenah, WI",metropolitan,Oshkosh,55,60500
36820,"Oskaloosa, IA",micropolitan,Oskaloosa,19,59925
36830,"Othello, WA",micropolitan,Othello,53,52215
36840,"Ottawa, KS",micropolitan,Ottawa,20,53550
36860,"Ottawa-Peru, IL",micropolitan,Ottawa,17,56926
36860,"Ottawa-Peru, IL",micropolitan,Peru,17,59234
36900,"Ottumwa, IA",micropolitan,Ottumwa,19,60465
36940,"Owatonna, MN",micropolitan,Owatonna,27,49300
36980,"Owensboro, KY",metropolitan,Owensboro,21,58620
37020,"Owosso, MI",micropolitan,Owosso,26,61940
37060,"Oxford, MS",micropolitan,Oxford,28,54840
37080,"Oxford, NC",micropolitan,Oxford,37,49800
37100,"Oxnard-Thousand Oaks-Ventura, CA",metropolitan,Camarillo,6,10046
37100,"Oxnard-Thousand Oaks-Ventura, CA",metropolitan,Oxnard,6,54652
37100,"Oxnard-Thousand Oaks-Ventura, CA",metropolitan,San Buenaventura (Ventura),6,65042
37100,"Oxnard-Thousand Oaks-Ventura, CA",metropolitan,Thousand Oaks,6,78582
37120,"Ozark, AL",micropolitan,Ozark,1,57648
37140,"Paducah, KY-IL",micropolitan,Paducah,21,58836
37220,"Pahrump, NV",micropolitan,Pahrump,32,53800
37260,"Palatka, FL",micropolitan,Palatka,12,53875
37300,"Palestine, TX",micropolitan,Palestine,48,54708
37340,"Palm Bay-Melbourne-Titusville, FL",metropolitan,Melbourne,12,43975
37340,"Palm Bay-Melbourne-Titusville, FL",metropolitan,Palm Bay,12,54000
37340,"Palm Bay-Melbourne-Titusville, FL",metropolitan,Titusville,12,71900
37420,"Pampa, TX",micropolitan,Pampa,48,54912
37460,"Panama City, FL",metropolitan,Panama City,12,54700
37500,"Paragould, AR",micropolitan,Paragould,5,53390
37540,"Paris, TN",micropolitan,Paris,47,56720
37580,"Paris, TX",micropolitan,Paris,48,55080
37620,"Parkersburg-Vienna, WV",metropolitan,Parkersburg,54,62140
37620,"Parkersburg-Vienna, WV",metropolitan,Vienna,54,83500
37660,"Parsons, KS",micropolitan,Parsons,20,54675
37740,"Payson, AZ",micropolitan,Payson,4,53700
37780,"Pecos, TX",micropolitan,Pecos,48,56516
37860,"Pensacola-Ferry Pass-Brent, FL",metropolitan,Brent,12,8300
37860,"Pensacola-Ferry Pass-Brent, FL",metropolitan,Ferry Pass,12,22275
37860,"Pensacola-Ferry Pass-Brent, FL",metropolitan,Pensacola,12,55925
37900,"Peoria, IL",metropolitan,Peoria,17,59000
37940,"Peru, IN",micropolitan,Peru,18,59328
37980,"Philadelphia-Camden-Wilmington, PA-NJ-DE-MD",metropolitan,Wilmington,10,77580
37980,"Philadelphia-Camden-Wilmington, PA-NJ-DE-MD",metropolitan,Camden,34,10000
37980,"Philadelphia-Camden-Wilmington, PA-NJ-DE-MD",metropolitan,Philadelphia,42,60000
38060,"Phoenix-Mesa-Scottsdale, AZ",metropolitan,Mesa,4,46000
38060,"Phoenix-Mesa-Scottsdale, AZ",metropolitan,Phoenix,4,55000
38060,"Phoenix-Mesa-Scottsdale, AZ",metropolitan,Scottsdale,4,65000
38060,"Phoenix-Mesa-Scottsdale, AZ",metropolitan,Tempe,4,73000
38100,"Picayune, MS",micropolitan,Picayune,28,57160
38180,"Pierre, SD",micropolitan,Pierre,46,49600
38220,"Pine Bluff, AR",metropolitan,Pine Bluff,5,55310
38240,"Pinehurst-Southern Pines, NC",micropolitan,Pinehurst,37,51940
38240,"Pinehurst-Southern Pines, NC",micropolitan,Southern Pines,37,63120
38260,"Pittsburg, KS",micropolitan,Pittsburg,20,56025
38300,"Pittsburgh, PA",metropolitan,Pittsburgh,42,61000
38340,"Pittsfield, MA",metropolitan,Pittsfield,25,53960
38380,"Plainview, TX",micropolitan,Plainview,48,57980
38420,"Platteville, WI",micropolitan,Platteville,55,63250
38460,"Plattsburgh, NY",micropolitan,Plattsburgh,36,58574
38500,"Plymouth, IN",micropolitan,Plymouth,18,60822
38540,"Pocatello, ID",metropolitan,Pocatello,16,64090
38580,"Point Pleasant, WV-OH",micropolitan,Point Pleasant,54,64708
38620,"Ponca City, OK",micropolitan,Ponca City,40,59850
38660,"Ponce, PR",metropolitan,Ponce,72,63820
38700,"Pontiac, IL",micropolitan,Pontiac,17,61015
38740,"Poplar Bluff, MO",micropolitan,Poplar Bluff,29,59096
38780,"Portales, NM",micropolitan,Portales,35,59260
38820,"Port Angeles, WA",micropolitan,Port Angeles,53,55365
38840,"Port Clinton, OH",micropolitan,Port Clinton,39,64150
38860,"Portland-South Portland, ME",metropolitan,Portland,23,60545
38860,"Portland-South Portland, ME",metropolitan,South Portland,23,71990
38900,"Portland-Vancouver-Hillsboro, OR-WA",metropolitan,Beaverton,41,5350
38900,"Portland-Vancouver-Hillsboro, OR-WA",metropolitan,Hillsboro,41,34100
38900,"Portland-Vancouver-Hillsboro, OR-WA",metropolitan,Portland,41,59000
38900,"Portland-Vancouver-Hillsboro, OR-WA",metropolitan,Vancouver,53,74060
38920,"Port Lavaca, TX",micropolitan,Port Lavaca,48,58916
38940,"Port St. Lucie, FL",metropolitan,Port St. Lucie,12,58715
39020,"Portsmouth, OH",micropolitan,Portsmouth,39,64304
39060,"Pottsville, PA",micropolitan,Pottsville,42,62432
39140,"Prescott, AZ",metropolitan,Prescott,4,57380
39220,"Price, UT",micropolitan,Price,49,62030
39260,"Prineville, OR",micropolitan,Prineville,41,59850
39300,"Providence-Warwick, RI-MA",metropolitan,Providence,44,59000
39300,"Providence-Warwick, RI-MA",metropolitan,Warwick,44,74300
39340,"Provo-Orem, UT",metropolitan,Orem,49,57300
39340,"Provo-Orem, UT",metropolitan,Provo,49,62470
39380,"Pueblo, CO",metropolitan,Pueblo,8,62000
39420,"Pullman, WA",micropolitan,Pullman,53,56625
39460,"Punta Gorda, FL",metropolitan,Punta Gorda,12,59200
39500,"Quincy, IL-MO",micropolitan,Quincy,17,62367
39540,"Racine, WI",metropolitan,Racine,55,66000
39580,"Raleigh, NC",metropolitan,Raleigh,37,55000
39660,"Rapid City, SD",metropolitan,Rapid City,46,52980
39700,"Raymondville, TX",micropolitan,Raymondville,48,60836
39740,"Reading, PA",metropolitan,Reading,42,63624
39780,"Red Bluff, CA",micropolitan,Red Bluff,6,59892
39820,"Redding, CA",metropolitan,Redding,6,59920
39860,"Red Wing, MN",micropolitan,Red Wing,27,53620
39900,"Reno, NV",metropolitan,Reno,32,60600
39940,"Rexburg, ID",micropolitan,Rexburg,16,67420
39980,"Richmond, IN",micropolitan,Richmond,18,64260
40060,"Richmond, VA",metropolitan,Richmond,51,67000
40080,"Richmond-Berea, KY",micropolitan,Berea,21,5842
40080,"Richmond-Berea, KY",micropolitan,Richmond,21,65226
40100,"Rio Grande City, TX",micropolitan,Rio Grande City,48,62168
40140,"Riverside-San Bernardino-Ontario, CA",metropolitan,Chino,6,13210
40140,"Riverside-San Bernardino-Ontario, CA",metropolitan,Corona,6,16350
40140,"Riverside-San Bernardino-Ontario, CA",metropolitan,Ontario,6,53896
40140,"Riverside-San Bernardino-Ontario, CA",metropolitan,Redlands,6,59962
40140,"Riverside-San Bernardino-Ontario, CA",metropolitan,Riverside,6,62000
40140,"Riverside-San Bernardino-Ontario, CA",metropolitan,San Bernardino,6,65000
40140,"Riverside-San Bernardino-Ontario, CA",metropolitan,Temecula,6,78120
40140,"Riverside-San Bernardino-Ontario, CA",metropolitan,Victorville,6,82590
40180,"Riverton, WY",micropolitan,Riverton,56,66220
40220,"Roanoke, VA",metropolitan,Roanoke,51,68000
40260,"Roanoke Rapids, NC",micropolitan,Roanoke Rapids,37,56900
40300,"Rochelle, IL",micropolitan,Rochelle,17,64746
40340,"Rochester, MN",metropolitan,Rochester,27,54880
40380,"Rochester, NY",metropolitan,Rochester,36,63000
40420,"Rockford, IL",metropolitan,Rockford,17,65000
40460,"Rockingham, NC",micropolitan,Rockingham,37,57260
40540,"Rock Springs, WY",micropolitan,Rock Springs,56,67235
40580,"Rocky Mount, NC",metropolitan,Rocky Mount,37,57500
40620,"Rolla, MO",micropolitan,Rolla,29,62912
40660,"Rome, GA",metropolitan,Rome,13,66668
40700,"Roseburg, OR",micropolitan,Roseburg,41,63650
40740,"Roswell, NM",micropolitan,Roswell,35,64930
40780,"Russellville, AR",micropolitan,Russellville,5,61670
40820,"Ruston, LA",micropolitan,Ruston,22,66655
40860,"Rutland, VT",micropolitan,Rutland,50,61225
40900,"Sacramento--Roseville--Arden-Arcade, CA",metropolitan,Arden-Arcade,6,2553
40900,"Sacramento--Roseville--Arden-Arcade, CA",metropolitan,Folsom,6,24638
40900,"Sacramento--Roseville--Arden-Arcade, CA",metropolitan,Rancho Cordova,6,59444
40900,"Sacramento--Roseville--Arden-Arcade, CA",metropolitan,Roseville,6,62938
40900,"Sacramento--Roseville--Arden-Arcade, CA",metropolitan,Sacramento,6,64000
40940,"Safford, AZ",micropolitan,Safford,4,62000
40980,"Saginaw, MI",metropolitan,Saginaw,26,70520
41060,"St. Cloud, MN",metropolitan,St. Cloud,27,56896
41100,"St. George, UT",metropolitan,St. George,49,65330
41140,"St. Joseph, MO-KS",metropolitan,St. Joseph,29,64550
41180,"St. Louis, MO-IL",metropolitan,St. Charles,29,64082
41180,"St. Louis, MO-IL",metropolitan,St. Louis,29,65000
41220,"St. Marys, GA",micropolitan,St. Marys,13,67984
41400,"Salem, OH",micropolitan,Salem,39,69834
41420,"Salem, OR",metropolitan,Salem,41,64900
41460,"Salina, KS",micropolitan,Salina,20,62700
41500,"Salinas, CA",metropolitan,Salinas,6,64224
41540,"Salisbury, MD-DE",metropolitan,Salisbury,24,69925
41620,"Salt Lake City, UT",metropolitan,Salt Lake City,49,67000
41660,"San Angelo, TX",metropolitan,San Angelo,48,64472
41700,"San Antonio-New Braunfels, TX",metropolitan,New Braunfels,48,50820
41700,"San Antonio-New Braunfels, TX",metropolitan,San Antonio,48,65000
41740,"San Diego-Carlsbad, CA",metropolitan,Carlsbad,6,11194
41740,"San Diego-Carlsbad, CA",metropolitan,San Diego,6,66000
41760,"Sandpoint, ID",micropolitan,Sandpoint,16,72100
41780,"Sandusky, OH",micropolitan,Sandusky,39,70380
41820,"Sanford, NC",micropolitan,Sanford,37,59280
41860,"San Francisco-Oakland-Hayward, CA",metropolitan,Berkeley,6,6000
41860,"San Francisco-Oakland-Hayward, CA",metropolitan,Hayward,6,33000
41860,"San Francisco-Oakland-Hayward, CA",metropolitan,Oakland,6,53000
41860,"San Francisco-Oakland-Hayward, CA",metropolitan,Pleasanton,6,57792
41860,"San Francisco-Oakland-Hayward, CA",metropolitan,Redwood City,6,60102
41860,"San Francisco-Oakland-Hayward, CA",metropolitan,San Francisco,6,67000
41860,"San Francisco-Oakland-Hayward, CA",metropolitan,San Leandro,6,68084
41860,"San Francisco-Oakland-Hayward, CA",metropolitan,San Rafael,6,68364
41860,"San Francisco-Oakland-Hayward, CA",metropolitan,San Ramon,6,68378
41860,"San Francisco-Oakland-Hayward, CA",metropolitan,South San Francisco,6,73262
41860,"San Francisco-Oakland-Hayward, CA",metropolitan,Walnut Creek,6,83346
41900,"San Germán, PR",metropolitan,San Germán,72,76167
41940,"San Jose-Sunnyvale-Santa Clara, CA",metropolitan,Cupertino,6,17610
41940,"San Jose-Sunnyvale-Santa Clara, CA",metropolitan,Milpitas,6,47766
41940,"San Jose-Sunnyvale-Santa Clara, CA",metropolitan,Mountain View,6,49670
41940,"San Jose-Sunnyvale-Santa Clara, CA",metropolitan,Palo Alto,6,55282
41940,"San Jose-Sunnyvale-Santa Clara, CA",metropolitan,San Jose,6,68000
41940,"San Jose-Sunnyvale-Santa Clara, CA",metropolitan,Santa Clara,6,69084
41940,"San Jose-Sunnyvale-Santa Clara, CA",metropolitan,Sunnyvale,6,77000
41980,"San Juan-Carolina-Caguas, PR",metropolitan,Caguas,72,10334
41980,"San Juan-Carolina-Caguas, PR",metropolitan,Carolina,72,14290
41980,"San Juan-Carolina-Caguas, PR",metropolitan,Guaynabo,72,32522
41980,"San Juan-Carolina-Caguas, PR",metropolitan,San Juan,72,76770
42020,"San Luis Obispo-Paso Robles-Arroyo Grande, CA",metropolitan,Arroyo Grande,6,2868
42020,"San Luis Obispo-Paso Robles-Arroyo Grande, CA",metropolitan,El Paso de Robles (Paso Robles),6,22300
42020,"San Luis Obispo-Paso Robles-Arroyo Grande, CA",metropolitan,San Luis Obispo,6,68154
42100,"Santa Cruz-Watsonville, CA",metropolitan,Santa Cruz,6,69112
42100,"Santa Cruz-Watsonville, CA",metropolitan,Watsonville,6,83668
42140,"Santa Fe, NM",metropolitan,Santa Fe,35,70500
42180,"Santa Isabel, PR",micropolitan,Santa Isabel,72,78145
42200,"Santa Maria-Santa Barbara, CA",metropolitan,Santa Barbara,6,69070
42200,"Santa Maria-Santa Barbara, CA",metropolitan,Santa Maria,6,69196
42220,"Santa Rosa, CA",metropolitan,Santa Rosa,6,70098
42300,"Sault Ste. Marie, MI",micropolitan,Sault Ste. Marie,26,71740
42340,"Savannah, GA",metropolitan,Savannah,13,69000
42380,"Sayre, PA",micropolitan,Sayre,42,68096
42420,"Scottsbluff, NE",micropolitan,Scottsbluff,31,44245
42460,"Scottsboro, AL",micropolitan,Scottsboro,1,68736
42540,"Scranton--Wilkes-Barre--Hazleton, PA",metropolitan,Hazleton,42,33408
42540,"Scranton--Wilkes-Barre--Hazleton, PA",metropolitan,Scranton,42,69000
42540,"Scranton--Wilkes-Barre--Hazleton, PA",metropolitan,Wilkes-Barre,42,85152
42620,"Searcy, AR",micropolitan,Searcy,5,63020
42660,"Seattle-Tacoma-Bellevue, WA",metropolitan,Auburn,53,3180
42660,"Seattle-Tacoma-Bellevue, WA",metropolitan,Bellevue,53,5210
42660,"Seattle-Tacoma-Bellevue, WA",metropolitan,Everett,53,22640
42660,"Seattle-Tacoma-Bellevue, WA",metropolitan,Kent,53,35415
42660,"Seattle-Tacoma-Bellevue, WA",metropolitan,Lakewood,53,38038
42660,"Seattle-Tacoma-Bellevue, WA",metropolitan,Redmond,53,57535
42660,"Seattle-Tacoma-Bellevue, WA",metropolitan,Renton,53,57745
42660,"Seattle-Tacoma-Bellevue, WA",metropolitan,Seattle,53,63000
42660,"Seattle-Tacoma-Bellevue, WA",metropolitan,Tacoma,53,70000
42680,"Sebastian-Vero Beach, FL",metropolitan,Sebastian,12,64825
42680,"Sebastian-Vero Beach, FL",metropolitan,Vero Beach,12,74150
42700,"Sebring, FL",metropolitan,Sebring,12,64875
42740,"Sedalia, MO",micropolitan,Sedalia,29,66440
42780,"Selinsgrove, PA",micropolitan,Selinsgrove,42,69216
42820,"Selma, AL",micropolitan,Selma,1,69120
42860,"Seneca, SC",micropolitan,Seneca,45,65095
42900,"Seneca Falls, NY",micropolitan,Seneca Falls,36,66322
42940,"Sevierville, TN",micropolitan,Sevierville,47,67120
42980,"Seymour, IN",micropolitan,Seymour,18,68832
43020,"Shawano, WI",micropolitan,Shawano,55,72925
43060,"Shawnee, OK",micropolitan,Shawnee,40,66800
43100,"Sheboygan, WI",metropolitan,Sheboygan,55,72975
43140,"Shelby, NC",micropolitan,Shelby,37,61200
43180,"Shelbyville, TN",micropolitan,Shelbyville,47,67760
43220,"Shelton, WA",micropolitan,Shelton,53,63735
43260,"Sheridan, WY",micropolitan,Sheridan,56,69845
43300,"Sherman-Denison, TX",metropolitan,Denison,48,19900
43300,"Sherman-Denison, TX",metropolitan,Sherman,48,67496
43320,"Show Low, AZ",micropolitan,Show Low,4,66470
43340,"Shreveport-Bossier City, LA",metropolitan,Bossier City,22,8920
43340,"Shreveport-Bossier City, LA",metropolitan,Shreveport,22,70000
43380,"Sidney, OH",micropolitan,Sidney,39,72424
43420,"Sierra Vista-Douglas, AZ",metropolitan,Douglas,4,20050
43420,"Sierra Vista-Douglas, AZ",metropolitan,Sierra Vista,4,66820
43460,"Sikeston, MO",micropolitan,Sikeston,29,67790
43500,"Silver City, NM",micropolitan,Silver City,35,73260
43580,"Sioux City, IA-NE-SD",metropolitan,Sioux City,19,73335
43620,"Sioux Falls, SD",metropolitan,Sioux Falls,46,59020
43660,"Snyder, TX",micropolitan,Snyder,48,68624
43700,"Somerset, KY",micropolitan,Somerset,21,71688
43740,"Somerset, PA",micropolitan,Somerset,42,71776
43760,"Sonora, CA",micropolitan,Sonora,6,72674
43780,"South Bend-Mishawaka, IN-MI",metropolitan,Mishawaka,18,49932
43780,"South Bend-Mishawaka, IN-MI",metropolitan,South Bend,18,71000
43900,"Spartanburg, SC",metropolitan,Spartanburg,45,68290
43940,"Spearfish, SD",micropolitan,Spearfish,46,60020
43980,"Spencer, IA",micropolitan,Spencer,19,74280
44020,"Spirit Lake, IA",micropolitan,Spirit Lake,19,74415
44060,"Spokane-Spokane Valley, WA",metropolitan,Spokane,53,67000
44060,"Spokane-Spokane Valley, WA",metropolitan,Spokane Valley,53,67167
44100,"Springfield, IL",metropolitan,Springfield,17,72000
44140,"Springfield, MA",metropolitan,Springfield,25,67000
44180,"Springfield, MO",metropolitan,Springfield,29,70000
44220,"Springfield, OH",metropolitan,Springfield,39,74118
44260,"Starkville, MS",micropolitan,Starkville,28,70240
44300,"State College, PA",metropolitan,State College,42,73808
44340,"Statesboro, GA",micropolitan,Statesboro,13,73256
44420,"Staunton-Waynesboro, VA",metropolitan,Staunton,51,75216
44420,"Staunton-Waynesboro, VA",metropolitan,Waynesboro,51,83680
44460,"Steamboat Springs, CO",micropolitan,Steamboat Springs,8,73825
44500,"Stephenville, TX",micropolitan,Stephenville,48,70208
44540,"Sterling, CO",micropolitan,Sterling,8,73935
44580,"Sterling, IL",micropolitan,Sterling,17,72546
44620,"Stevens Point, WI",micropolitan,Stevens Point,55,77200
44660,"Stillwater, OK",micropolitan,Stillwater,40,70300
44700,"Stockton-Lodi, CA",metropolitan,Lodi,6,42202
44700,"Stockton-Lodi, CA",metropolitan,Stockton,6,75000
44740,"Storm Lake, IA",micropolitan,Storm Lake,19,75630
44780,"Sturgis, MI",micropolitan,Sturgis,26,76960
44860,"Sulphur Springs, TX",micropolitan,Sulphur Springs,48,70904
44900,"Summerville, GA",micropolitan,Summerville,13,74376
44920,"Summit Park, UT",micropolitan,Summit Park,49,74095
44940,"Sumter, SC",metropolitan,Sumter,45,70405
44980,"Sunbury, PA",micropolitan,Sunbury,42,75304
45000,"Susanville, CA",micropolitan,Susanville,6,77364
45020,"Sweetwater, TX",micropolitan,Sweetwater,48,71540
45060,"Syracuse, NY",metropolitan,Syracuse,36,73000
45140,"Tahlequah, OK",micropolitan,Tahlequah,40,72100
45180,"Talladega-Sylacauga, AL",micropolitan,Sylacauga,1,74352
45180,"Talladega-Sylacauga, AL",micropolitan,Talladega,1,74592
45220,"Tallahassee, FL",metropolitan,Tallahassee,12,70600
45300,"Tampa-St. Petersburg-Clearwater, FL",metropolitan,Clearwater,12,12875
45300,"Tampa-St. Petersburg-Clearwater, FL",metropolitan,Largo,12,39425
45300,"Tampa-St. Petersburg-Clearwater, FL",metropolitan,St. Petersburg,12,63000
45300,"Tampa-St. Petersburg-Clearwater, FL",metropolitan,Tampa,12,71000
45340,"Taos, NM",micropolitan,Taos,35,76200
45380,"Taylorville, IL",micropolitan,Taylorville,17,74574
45460,"Terre Haute, IN",metropolitan,Terre Haute,18,75428
45500,"Texarkana, TX-AR",metropolitan,Texarkana,48,72368
45520,"The Dalles, OR",micropolitan,The Dalles,41,72950
45540,"The Villages, FL",metropolitan,The Villages,12,71625
45580,"Thomaston, GA",micropolitan,Thomaston,13,76168
45620,"Thomasville, GA",micropolitan,Thomasville,13,76224
45660,"Tiffin, OH",micropolitan,Tiffin,39,76778
45700,"Tifton, GA",micropolitan,Tifton,13,76476
45740,"Toccoa, GA",micropolitan,Toccoa,13,76756
45780,"Toledo, OH",metropolitan,Toledo,39,77000
45820,"Topeka, KS",metropolitan,Topeka,20,71000
45860,"Torrington, CT",micropolitan,Torrington,9,76500
45900,"Traverse City, MI",micropolitan,Traverse City,26,80340
45940,"Trenton, NJ",metropolitan,Trenton,34,74000
45980,"Troy, AL",micropolitan,Troy,1,76920
46020,"Truckee-Grass Valley, CA",micropolitan,Grass Valley,6,30798
46020,"Truckee-Grass Valley, CA",micropolitan,Truckee,6,80588
46060,"Tucson, AZ",metropolitan,Tucson,4,77000
46100,"Tullahoma-Manchester, TN",micropolitan,Manchester,47,45500
46100,"Tullahoma-Manchester, TN",micropolitan,Tullahoma,47,75320
46140,"Tulsa, OK",metropolitan,Tulsa,40,75000
46180,"Tupelo, MS",micropolitan,Tupelo,28,74840
46220,"Tuscaloosa, AL",metropolitan,Tuscaloosa,1,77256
46300,"Twin Falls, ID",micropolitan,Twin Falls,16,82810
46340,"Tyler, TX",metropolitan,Tyler,48,74144
46380,"Ukiah, CA",micropolitan,Ukiah,6,81134
46460,"Union City, TN-KY",micropolitan,Union City,47,75940
46500,"Urbana, OH",micropolitan,Urbana,39,79072
46520,"Urban Honolulu, HI",metropolitan,Urban Honolulu,15,71550
46540,"Utica-Rome, NY",metropolitan,Rome,36,63418
46540,"Utica-Rome, NY",metropolitan,Utica,36,76540
46620,"Uvalde, TX",micropolitan,Uvalde,48,74588
46660,"Valdosta, GA",metropolitan,Valdosta,13,78800
46700,"Vallejo-Fairfield, CA",metropolitan,Fairfield,6,23182
46700,"Vallejo-Fairfield, CA",metropolitan,Vallejo,6,81666
46740,"Valley, AL",micropolitan,Valley,1,78204
46780,"Van Wert, OH",micropolitan,Van Wert,39,79562
46820,"Vermillion, SD",micropolitan,Vermillion,46,66700
46860,"Vernal, UT",micropolitan,Vernal,49,80090
46900,"Vernon, TX",micropolitan,Vernon,48,75308
46980,"Vicksburg, MS",micropolitan,Vicksburg,28,76720
47020,"Victoria, TX",metropolitan,Victoria,48,75428
47080,"Vidalia, GA",micropolitan,Vidalia,13,79388
47180,"Vincennes, IN",micropolitan,Vincennes,18,79208
47220,"Vineland-Bridgeton, NJ",metropolitan,Bridgeton,34,7600
47220,"Vineland-Bridgeton, NJ",metropolitan,Vineland,34,76070
47240,"Vineyard Haven, MA",micropolitan,Vineyard Haven,25,71970
47260,"Virginia Beach-Norfolk-Newport News, VA-NC",metropolitan,Hampton,51,35000
47260,"Virginia Beach-Norfolk-Newport News, VA-NC",metropolitan,Newport News,51,56000
47260,"Virginia Beach-Norfolk-Newport News, VA-NC",metropolitan,Norfolk,51,57000
47260,"Virginia Beach-Norfolk-Newport News, VA-NC",metropolitan,Portsmouth,51,64000
47260,"Virginia Beach-Norfolk-Newport News, VA-NC",metropolitan,Virginia Beach,51,82000
47300,"Visalia-Porterville, CA",metropolitan,Porterville,6,58240
47300,"Visalia-Porterville, CA",metropolitan,Visalia,6,82954
47340,"Wabash, IN",micropolitan,Wabash,18,79370
47380,"Waco, TX",metropolitan,Waco,48,76000
47420,"Wahpeton, ND-MN",micropolitan,Wahpeton,38,82660
47460,"Walla Walla, WA",metropolitan,Walla Walla,53,75775
47540,"Wapakoneta, OH",micropolitan,Wapakoneta,39,80766
47580,"Warner Robins, GA",metropolitan,Warner Robins,13,80508
47620,"Warren, PA",micropolitan,Warren,42,81000
47660,"Warrensburg, MO",micropolitan,Warrensburg,29,77092
47700,"Warsaw, IN",micropolitan,Warsaw,18,80306
47780,"Washington, IN",micropolitan,Washington,18,80504
47820,"Washington, NC",micropolitan,Washington,37,71220
47900,"Washington-Arlington-Alexandria, DC-VA-MD-WV",metropolitan,Washington,11,50000
47900,"Washington-Arlington-Alexandria, DC-VA-MD-WV",metropolitan,Bethesda,24,7125
47900,"Washington-Arlington-Alexandria, DC-VA-MD-WV",metropolitan,Frederick,24,30325
47900,"Washington-Arlington-Alexandria, DC-VA-MD-WV",metropolitan,Gaithersburg,24,31175
47900,"Washington-Arlington-Alexandria, DC-VA-MD-WV",metropolitan,Rockville,24,67675
47900,"Washington-Arlington-Alexandria, DC-VA-MD-WV",metropolitan,Silver Spring,24,72450
47900,"Washington-Arlington-Alexandria, DC-VA-MD-WV",metropolitan,Alexandria,51,1000
47900,"Washington-Arlington-Alexandria, DC-VA-MD-WV",metropolitan,Arlington,51,3000
47900,"Washington-Arlington-Alexandria, DC-VA-MD-WV",metropolitan,Reston,51,66672
47920,"Washington Court House, OH",micropolitan,Washington Court House,39,81718
47940,"Waterloo-Cedar Falls, IA",metropolitan,Cedar Falls,19,11755
47940,"Waterloo-Cedar Falls, IA",metropolitan,Waterloo,19,82425
47980,"Watertown, SD",micropolitan,Watertown,46,69300
48020,"Watertown-Fort Atkinson, WI",micropolitan,Fort Atkinson,55,26675
48020,"Watertown-Fort Atkinson, WI",micropolitan,Watertown,55,83975
48060,"Watertown-Fort Drum, NY",metropolitan,Fort Drum,36,26759
48060,"Watertown-Fort Drum, NY",metropolitan,Watertown,36,78608
48100,"Wauchula, FL",micropolitan,Wauchula,12,75375
48140,"Wausau, WI",metropolitan,Wausau,55,84475
48180,"Waycross, GA",micropolitan,Waycross,13,80956
48220,"Weatherford, OK",micropolitan,Weatherford,40,79450
48260,"Weirton-Steubenville, WV-OH",metropolitan,Steubenville,39,74608
48260,"Weirton-Steubenville, WV-OH",metropolitan,Weirton,54,85156
48300,"Wenatchee, WA",metropolitan,Wenatchee,53,77105
48460,"West Plains, MO",micropolitan,West Plains,29,78928
48540,"Wheeling, WV-OH",metropolitan,Wheeling,54,86452
48580,"Whitewater-Elkhorn, WI",micropolitan,Elkhorn,55,23300
48580,"Whitewater-Elkhorn, WI",micropolitan,Whitewater,55,86925
48620,"Wichita, KS",metropolitan,Wichita,20,79000
48660,"Wichita Falls, TX",metropolitan,Wichita Falls,48,79000
48700,"Williamsport, PA",metropolitan,Williamsport,42,85312
48780,"Williston, ND",micropolitan,Williston,38,86220
48820,"Willmar, MN",micropolitan,Willmar,27,70420
48900,"Wilmington, NC",metropolitan,Wilmington,37,74440
48940,"Wilmington, OH",micropolitan,Wilmington,39,85792
48980,"Wilson, NC",micropolitan,Wilson,37,74540
49020,"Winchester, VA-WV",metropolitan,Winchester,51,86720
49080,"Winnemucca, NV",micropolitan,Winnemucca,32,84800
49100,"Winona, MN",micropolitan,Winona,27,71032
49180,"Winston-Salem, NC",metropolitan,Winston-Salem,37,75000
49220,"Wisconsin Rapids-Marshfield, WI",micropolitan,Marshfield,55,49675
49220,"Wisconsin Rapids-Marshfield, WI",micropolitan,Wisconsin Rapids,55,88200
49260,"Woodward, OK",micropolitan,Woodward,40,82150
49300,"Wooster, OH",micropolitan,Wooster,39,86548
49340,"Worcester, MA-CT",metropolitan,Worcester,25,82000
49380,"Worthington, MN",micropolitan,Worthington,27,71734
49420,"Yakima, WA",metropolitan,Yakima,53,80010
49460,"Yankton, SD",micropolitan,Yankton,46,73060
49620,"York-Hanover, PA",metropolitan,Hanover,42,32448
49620,"York-Hanover, PA",metropolitan,York,42,87048
49660,"Youngstown-Warren-Boardman, OH-PA",metropolitan,Boardman,39,7454
49660,"Youngstown-Warren-Boardman, OH-PA",metropolitan,Warren,39,80892
49660,"Youngstown-Warren-Boardman, OH-PA",metropolitan,Youngstown,39,88000
49700,"Yuba City, CA",metropolitan,Yuba City,6,86972
49740,"Yuma, AZ",metropolitan,Yuma,4,85540
49780,"Zanesville, OH",micropolitan,Zanesville,39,88084
49820,"Zapata, TX",micropolitan,Zapata,48,80716